{
  "before": {
    "math": 1.0,
    "logic": 1.0,
    "common": 1.0,
    "language": 0.3333333333333333,
    "overall": 0.8571428571428571,
    "categories": {
      "math": 1.0,
      "logic": 1.0,
      "common": 1.0,
      "language": 0.3333333333333333
    }
  },
  "after": {
    "math": 1.0,
    "logic": 0.3333333333333333,
    "common": 0.6666666666666666,
    "language": 0.6666666666666666,
    "overall": 0.7142857142857143,
    "categories": {
      "math": 1.0,
      "logic": 0.3333333333333333,
      "common": 0.6666666666666666,
      "language": 0.6666666666666666
    }
  },
  "improvement": -0.1428571428571428,
  "epochs": 2
}